{"Node": 0,
"Coreness": 0,
"NumeroNodi": 0,
"NumeroNodiL": 0,
"NumeroNodiR": 0,
"NumeroArchi": 0,
"minCoreness": 0,
"maxCoreness": 0,
"children": [
	{"Node": 2001,
	 "Coreness": 2,
	 "minCoreness":  1,
	 "maxCoreness": 2,
	 "NumeroNodi": 3,
	 "NumeroNodiR": 0,
	 "NumeroNodiL": 3,
	 "NumeroArchi": 0,
	 "children": [
		{"Node": 3003,
		 "Coreness": 3,
		 "minCoreness":  3,
		 "maxCoreness": 3,
		 "NumeroNodi": 37,
		 "NumeroNodiR": 15,
		 "NumeroNodiL": 22,
		 "NumeroArchi": 0,
		 "children": [
		 ]}	 ]} ]
}