{"Node": 0,
"Coreness": 0,
"NumeroNodi": 0,
"NumeroNodiL": 0,
"NumeroNodiR": 0,
"NumeroArchi": 0,
"minCoreness": 0,
"maxCoreness": 0,
"children": [
	{"Node": 2001,
	 "Coreness": 2,
	 "minCoreness":  1,
	 "maxCoreness": 2,
	 "NumeroNodi": 4,
	 "NumeroNodiR": 2,
	 "NumeroNodiL": 2,
	 "NumeroArchi": 0,
	 "children": [
	 ]},
	{"Node": 2002,
	 "Coreness": 2,
	 "minCoreness":  1,
	 "maxCoreness": 2,
	 "NumeroNodi": 5,
	 "NumeroNodiR": 2,
	 "NumeroNodiL": 3,
	 "NumeroArchi": 0,
	 "children": [
	 ]},
	{"Node": 2003,
	 "Coreness": 2,
	 "minCoreness":  1,
	 "maxCoreness": 2,
	 "NumeroNodi": 4,
	 "NumeroNodiR": 2,
	 "NumeroNodiL": 2,
	 "NumeroArchi": 0,
	 "children": [
	 ]} ]
}