{"Node": 0,
"Coreness": 0,
"NumeroNodi": 0,
"NumeroNodiL": 0,
"NumeroNodiR": 0,
"NumeroArchi": 0,
"minCoreness": 0,
"maxCoreness": 0,
"children": [
	{"Node": 1001,
	 "Coreness": 1,
	 "minCoreness":  1,
	 "maxCoreness": 1,
	 "NumeroNodi": 6,
	 "NumeroNodiR": 3,
	 "NumeroNodiL": 3,
	 "NumeroArchi": 0,
	 "children": [
		{"Node": 3001,
		 "Coreness": 3,
		 "minCoreness":  2,
		 "maxCoreness": 3,
		 "NumeroNodi": 8,
		 "NumeroNodiR": 4,
		 "NumeroNodiL": 4,
		 "NumeroArchi": 0,
		 "children": [
		 ]}	 ]} ]
}