{"Node": 0,
"Coreness": 0,
"NumeroNodi": 0,
"NumeroNodiL": 0,
"NumeroNodiR": 0,
"NumeroArchi": 0,
"minCoreness": 0,
"maxCoreness": 0,
"children": [
	{"Node": 1002,
	 "Coreness": 1,
	 "minCoreness":  1,
	 "maxCoreness": 1,
	 "NumeroNodi": 4,
	 "NumeroNodiR": 2,
	 "NumeroNodiL": 2,
	 "NumeroArchi": 0,
	 "children": [
		{"Node": 2001,
		 "Coreness": 2,
		 "minCoreness":  2,
		 "maxCoreness": 2,
		 "NumeroNodi": 7,
		 "NumeroNodiR": 3,
		 "NumeroNodiL": 4,
		 "NumeroArchi": 0,
		 "children": [
		 ]}	 ]} ]
}